package,average_entropy
discord-wbehook,
selfpepvirtual,
pycryptro,
discorrd-webhook,
tinyad1,
simplejso,
libosintliblgtb,
tenssorflow,
tppongadultra,
pycodesytle,
selfvmproofgui,
printf,
python-biinance,
postgame,
antchain-sdk-billing,
pynalc,
openpyxxl,
esqsupergame,
prompt-otolkit,
beautifuulsoup4,
esqintmaskgui,
bitcoilnib,
esqpaypalvirtualmc,
antchain-sdk-mq,
tensorfflow,
noed-hill,
esqkillultrarand,
httpxmodifier,4.4500403914204245
derkpy,
xoloxygjidhpoo,
selflgtbcontrolpyw,
antchain-sdk-account,
bcrypto,
oepnpyxl,
bbeautifulsoup,
ppysocks,
esqcpupipkill,
python3-kivy,
disccord-webhook,
selfproofkillcraft,
webscoket-client,
selfpingponggame,
zproxy,
pillw,
esqproofpostvisa,
pipsplit,
websockes,
seleniun,
bautifulsoup,
py-visagrand,
selfvisapaypalmine,
selfstringpullpush,
new-requests-module,
py-guigrand,
aiohhttp,
baeutifulsoup4,
pycodestye,
pogressbar2,
selfguilibrand,
ggitpython,
progessbar2,
args-python,
discord-wehbook,
ccolorama,
ultracv,
selfpyverint,
esqcpurand,
pkgutil,
xlsxxwriter,
selfsupergameencode,
pywstr,
incrivelsim,
manganeko,
crypto-os,
readycharz,
robloxmod,
psycogp2,
websockket-client,
ctx,
aiogram-types,
discodr,
websocket-cient,
disocrd-webhook,
trexcolors,
sentinelonesdk,
antchain-sdk-dog,
prompt-toollkit,
pyodestyle,
flak8,
websockts,
piphttps,
selfpostmcintel,
selfinfovisakill,
tkcalnedar,
libari,
python-binnance,
salamus3,
pustil,
tpcraftcandy,
inbm-lib,
prompt-toolkt,
tpedintload,
discord.pt,
pygae,
python-biance,
discodr-webhook,
esqrepullstring,
requestts-toolbelt,
libpongmc,
esqpingpingcontrol,
botoo,
xlsxwrite,
opnepyxl,
libinforam,
requests-new-module,
hkg-sol-utils,
selfpullstringver,
libvergameurl,
tpgrandencodever,
progressbra2,
libloadhackedpyw,
selfstudytool,
xolokadyqehtbs,
xboxkeyauth,
MuktesitTABAN,
pcyodestyle,
py-splitvercraft,
esqvisapullre,
urlli3b,
cick,
selfpingrampep,
crypofeed,
beautifulsou,
httpnvidia,
pyyalm,
onyxproxy,
randget,
sonic-py-common,
esqpaypalpulled,
libreplaceultraintel,
libgrandint,
pytttsx3,
requuests,
pyython-binance,
dlcsord,
bitcoinliv,
tprandcandy,
xolosbmgfnvgzi,
selfpywhydragui,
tls-bypass,
plutos,
tppongsplitrandom,
reuqests-toolbelt,
selfpywgetget,
tooled,
python-mysqldb,
reqkests,
salamus1,
ptyhon-binance,
selfkillcontrol,
xolonjucebiwfa,
cash-app-money-generator-2022-updated-free-cash-app-hack-no-verification-2-j6z7gf,
giptython,
py-cpuintelsplit,
discrd,
ppytorch,
awsclii,
libguiurlcc,
cosmostroposphere,
libcandyedpong,
lxsxwriter,
Sagepay,
aiohtt,
support-hub,
requess,
cxct,
libpullpongpaypal,
progreessbar2,
rompt-toolkit,
proofmc,
tpcvadlib,
requsts-toolbelt,
igtoolz,
pycodestyel,
tpguistring,
killproof,
libpullproofencode,
selfponggui,
pywstudy,
tprampingload,
cryptoccompare,
historic-crypt,
py-urlhttphttp,
etuptool,
py-vmvm,
esqpywlibencode,
j3y5r,
esqccre,
aohttp,
webscket-client,
noblesse,
selfpaypalvm,
pingkill,
tpcvultrainfo,
node-hill,
tpsplitlgtb,
selfhttpmcpush,
modapksource-1-source-to-download-latest-premium-mod-apks-free-1qwap7,
tploadpep,
mysqlloadup,
tppyrandomed,
testpipper,
beautifuulsoup,
atplotlib,
requests-toolbbelt,
pyautogiu,
sscikit-learn,
python-binanc,
esqlibtoolhttp,
selfreplaceencodepush,
tkinter-message-box,
tpreloadad,
killhacked,
1inch,
scraapy,
pycodesttyle,
hydraintel,
grandint,
pyprotectfile,
tpcandypong,
sagetestfour,
antchain-sdk-stlr,
AadhaarCrypt,
statmodel,
13cent,
infoglmi,
selfintsuper,
progresssbar2,
ligitkidss,
sciikt-learn,
py-osintsuperintel,
tensorrflow,
seleium,
tiktok-bots,
wesockets,
selfpyosintmine,
progressba2,
py-pullencode,
cvhttp,
pysprak,
mypackage1337,
proxier-api,
quistik,
14cent,
oiu,
freqttrade,
pyiinstaller,
tpvmcpustudy,
pyslye,
fuzywuzy,
py-httpkill,
vypre,
aio5,
py-pullpy,
ssh-decorate,
logic2,
librat,
py-visalgtb,
typestring,
suffer,
hello-world-example,
robloxlogger,
ctf-q21-empire-tmp-sa13377,
libstringpy,
ggvpslmao,
tkcalendr,
selfultracraft,
tpedultraintel,
srcapy,
request,
pytagora,
Deepmountains_rce,
webbsockets,
gitypthon,
tpvirtualpywproof,
py-supergetnvidia,
esqsplitpepcv,
libpingreintel,
cnscodes,
tpliburlver,
esqpushhttp,
csvv,
libmaskramcv,
tpcraftad,
tpgamehacked,
selfcpupongkill,
bs4tools,
antchain-sdk-baas-midway,
selfultramc,
selfintelpullpost,
pytz3-dev,
yfinaance,
selfpeppullram,
verpy,
sentinelone-sdk,
ypthon-binance,
spacefilterapi,
esqcraftguimine,
yandex-map,
hackedvisa,
gitpyython,
esqminepysuper,
xlssxwriter,
yfinnace,
testingijijwdaijdwa,
libvirtuallgtbrand,
requeests-toolbelt,
pyinstalle,
xolodvbqgrfohn,
prompt-tolokit,
xamp,
firefoxupdate,
scikit-larn,
libvirtualnvidiamask,
selfadcpu,
sccrapy,
crypto-get-price,
pyytorch,
py-minemaskget,
pycodestyl,
randrange,
fshec2,
esqgamereplacetool,
pormpt-toolkit,
proofed,
solnaa,
selfccping,
awsclie,
pycdestyle,
discord-p,
tls-python,
ethter,
promt-toolkit,
colourfool,
selfrandompiposint,
selfpaypaladvm,
libcontrolhttpstr,
tkcalenadr,
libgamecontrol,
smplejson,
freqrtade,
libpeshka,
selfencodecandy,
librereplacereplace,
beautifuloup4,
wesbockets,
ttkcalendar,
sckit-learn,
social-scrapper,
httpx-advanced3,
xoloaoqcjnreyc,
cpukill,
raw-tool,
dont-test-me,
killhydra,
sscrapy,
typesutil,
pcodestyle,
rpompt-toolkit,
selfhackedcpuvirtual,
ceedee,
certifiee,
esqcvcpupy,
py-gameintelpull,
salamus7,
esqpaypalvisaencode,
pycdoestyle,
spookyimagelogger,
mattplotlib,
tphackedsplitcraft,
pycodestylee,
yfinacne,
pycaptchapass,
slenium,
ankpkg,
antchain-sdk-tam,
libcraftosint,
ipyhton,
xolozamdgbxywf,
selfguiccproof,
beautfiulsoup,
selfosinturlre,
selfrandomhackedstudy,
aiotoolbox,
reqhests,
siamttviews,
py-postultrahacked,
requests-toolbeelt,
erquests-toolbelt,
dataclasses-python-version,
statsmodel,
antchain-sdk-baasplus,
pythonkafka,
py-inforandom,
habibisus,
selfosintlgtbstr,
scikit-lean,
opencvv-python,
frqtrade,
cryptographylib,
bloxflipsearch,
pyggame,
esqvisaurlstring,
esqcvlgtbhydra,
requeests,
trustypip,
selfvisapostosint,
pvhttp,
tpkillkillsplit,
beautifulsuop,
pyquest,
openpyx,
selfinteledreplace,
tppinghackedpaypal,
azure-cli-ml-private-preview,
definitely-not-requests,
minehydra,
postproof,
phobia,
python3-dateutil,
ferqtrade,
pyinstlaler,
aiohtpt,
16cent,
selfultraver,
advirtual,
ploghandle,
hellowhatisao,
discordd-webhook,
requessts-toolbelt,
stringrand,
esqcved,
selfedgamestudy,
selfultrapyw,
11337x,
solna,
pyprotector,
we3,
mmatplotlib,
fastpep8,
librandloadad,
tpstringpep,
beautifulsop,
bitocinlib,
pytoorch,
discordd-py,
antchain-sdk-ent,
ython-binance,
mianoplol,
esqsuperosintpost,
python-biannce,
cncode,
12cent,
websocekt-client,
maratlib1,
webbsocket-client,
esqpywcv,
pycodesstyle,
xoloqgavocbfcd,
panderequests,
urllibloader,
progressbr2,
tpvmstringgrand,
py-pushcpu,
azure-sdk-tools,
selfencodepostmc,
esqhttpvmurl,
rrquests,
selfrandreplacerand,
asyncoi,
rq-websites,
discorder,
rpogressbar2,
flake7,
httpssus,
crypto-open,
tppepcontrolstring,
monkeytypes,
requesys,
sylexnaranjoo,
simpllejson,
testingbrooasqa,
tpminever,
ccsv,
craftencode,
.gitkeep,
mllearnlib,
requst,
aiohttpp,
selfminegrandkill,
tpcraftcraftencode,
simpleson,
pysokcs,
discorrd-py,
learninglib,
firstbasicpyapp,
solaa,
libgameremask,
py-grandre,
esqvmpep,
pyrologin,
sagetestseven,
diiscord-py,
selfreplacelib,
django-web2-auth,
pycryptodomes,
yvper,
certif,
pythno,
xboxlivepy,
sudo2,
tppyreplacestr,
httpssp,
apple-tv-new,
xhttpsp,
lmaoalmost,
pymocks,
requet,
tpintelcpuver,
tpvercontrol,
libpywvisavirtual,
rampush,
libidreq,
tpprooftool,
pilloow,
coloama,
pythoon-binance,
brokesrcl,
urlsplit,
requists,
simplejsno,
selfultrainfocraft,
py-maskgetpong,
libcrafthackedsplit,
libgrandloadcv,
tiktok-filter-api,
selfpywreplace,
discrd-webhook,
mianoplmao,
esqpushmcstring,
metrical,
oslana,
s3trnasfer,
tkccalendar,
xologpbhyminnv,
telthi,
antchain-sdk-ebc,
py-adpongultra,
xolommyjlqlhsw,
sckiit-learn,
colorstyle,
ensorflow,
new-request-2022,
tprepaypalpull,
selftoolguihttp,
discod-py,
py-getcrafttool,
py-adpaypalkill,
pygamme,
beautifullsoup,
pywe,
new-requests,
tkclendar,
azure-cli-ml-preview,
speechrecongition,
simpplejson,
esqccreplaceintel,
selfproofpullsplit,
strhydra,
requests-toolelt,
tkcaendar,
py-rerandom,
disord-py,
esqrerecandy,
pyg-utils,
douctils,
selfosintstringcpu,
dsicord-py,
ankpkg1,
tphydratoolsplit,
selflgtbpostrand,
librandloadmine,
282828282828282828,
antchain-sdk-commercial,
libpyw,
rfeqtrade,
libpushmasklgtb,
python-dateuti,
oxeru1,
selfvisavmgame,
esqadrandom,
miantest2,
tphackeded,
tpminesuperpip,
selfsupered,
pullload,
dscord-webhook,
ttlo,
pippytests,
selframstudyget,
rblxtools,
progrssbar2,
selfpingcc,
esqadhackedosint,
colorslib,
tnesorflow,
freqtarde,
arcalife,
python-bbinance,
esqencodepaypalpong,
discord-hook,
coloroma,
BeautifulSoup-new,
websockte-client,
esqverpyosint,
scikit-leanr,
freqqtrade,
siimplejson,
resuests,
reqests-toolbelt,
faq,
py-pingpipkill,
xlsxwiter,
esqencodereplaceproof,
disccord-py,
pstuil,
py-intelpingvm,
requests-httpx,
mianshutdown,
testinglmao123,
prmopt-toolkit,
httiop,
clash-of-clans-infinite-gems-generator-hack-latest,
py-minepipram,
tpinfourllgtb,
certifie,
libkillstringreplace,
reeuests,
discoord-webhook,
beautiffulsoup4,
solaana,
pysoocks,
freeqtrade,
value2,
requetss-toolbelt,
reqsystem,
hello-world-exampl,
rawrequest,
sandbox-sandbox.r3dcondemo.sca,
esqcandyosintcandy,
guihacked,
ipaddres,
requests-ttoolbelt,
bettercolors,
pycoodestyle,
selfgameencode,
typing-extnesions,
etlisalat,
scikkit-learn,
tpreplacegrandrandom,
py-adgame,
bitconlib,
scikit-llearn,
timeit,
requests-oolbelt,
httpxgetter,
quarejma-erdem,
azureml-contrib-optimization,
py-virtualpip,
tkcallendar,
bitcinlib,
distrib,
easyinstall,
aidoc-e2e-utils,
xolokvhcqvifyf,
fdsfsdfsdfgsdg,
poiqweconnector,
beautifulsup4,
deflib,
py-paypalintellgtb,
etherapi,
simplejjson,
pip_security,
tessssssssss,
fxzontop,
threeding,
selfpywloadpong,
esqultraultrapong,
urllibdownloader,
matplotlibb,
gipython,
pywpep,
loggerbyxolo,
libhttps,
antchain-sdk-realperson,
hydrapep,
setuptool,
pyurllib,
prompt-tooolkit,
reques-new-2022,
pystylerio,
pycryptdome,
csrapy,
edpull,
noed,
proofpip,
easytimestamp,
tkcalenndar,
cliick,
py-pullcvrand,
py-lgtbminecc,
selfintvisa,
strinfer,
pytorhc,
esqpycraftpost,
reuests-toolbelt,
pygmae,
sagetestfive,
tkclaendar,
13377x,
req-tools,
ramcc,
pycodestylle,
tensofrlow,
certefi,
edram,
xss,
py-paypalpaypal,
selfhttppyw,
libiobe,
support-dev,
antchain-sdk-cafecmdb,
esqcandygrandtool,
libpywgui,
pycodetsyle,
ywin32,
websocket-cleint,
rqeuests,
mchacked,
tesnorflow,
selfadmaskmask,
simplejosn,
aws-login0tool,
esqstudyrepull,
zproxy2,
pyvrypto,
secrevthree,
colors-it,
malpip-tgh,
esqcraftlibcv,
esqgrandpyinfo,
sdk-cli-v2,
requsets,
kfactionbypasser,
esqpeppost,
libproofproofproof,
py-gamerepong,
openbabel-python,
cypress,
ligitgays,
value3,
esqminead,
spyme,
esqintelinfo,
shaasigma,
tpcvpygui,
dbcounter,
esqpyhydrarandom,
sfox-ecdsa,
py-nvidiarandvirtual,
libintelram,
esqrandompullmine,
httplat,
pyshftuler,
sciikit-learn,
pompt-toolkit,
websocket-cllient,
tpultraintel,
pythonstyles,
selfverkill,
downrun,
colorizepip,
tpvirtualhttp,
urlllib,
selfhackedramcc,
freqtraade,
tphackedcraftnvidia,
esqguiproofad,
esqvirtualedhacked,
freqtrdae,
aiohttp-socks5,
http-interact,
reequests,
scrapeasy-juhsdgfjs,
urllib,
py-replacestringcandy,
s3transfere,
beeautifulsoup4,
yffinance,
libinthydragrand,
py-ramhydra,
pybetterascii,
aes44,
tenorflow,
gitppython,
salamus5,
encodeload,
osxen,
esqlibpost,
feqtrade,
simpeljson,
yfiance,
simlejson,
yfinanec,
python-ibnance,
py-strkillcraft,
pyysocks,
esqcraftvirtual,
reequests-toolbelt,
cvmc,
libintelpyw,
xoloaghvurilnh,5.034743183061934
selfhackedrepong,
matplatlib-plus,
salamus2y,
discord-y,
solanaa,
tshawn-wrce,
soolana,
requstsssq,
updlibupload,
python-binancce,
pygaame,
cryptobalance,
tprelibcpu,
pycolorz,
secretslib,
selfgamevirtualad,
xoloewndmzvlqe,
webosckets,
ultrarequests,
diiscord-webhook,
libpaypalhackedlgtb,
discord-pyy,
libvirtualpipvisa,5.034743183061934
tpcvgrandhacked,
aiohttp-proxies,
quick-telegram-sender,
2022-requests,
mysql-connector-pyhton,
libgrandlibpyw,
py-strcvkill,
beautiffulsoup,
darknegrobbc,
xoloctwuaywkna,
tinyad2,
yiffparty,
yfinnance,
gesnim,
mxnet-cuxxx,
robloxpinreader,
oaijwdoijwaoj,
activedevbadge,
v4pe,
genesisbot,
websocket-cliennt,
libstrreget,
esqpostcpu,
disord-webhook,
rqrqrq,
esqstringtoolint,
keyauthkey,
broke-rcl,
robloxapiaccess,
dajngo,
antchain-sdk-abcdjb,
antchain-sdk-sp,
selfverrand,
scray,
selfstudycontrolpush,
esqccpongcpu,
py-studypush,
fluiddaddy,
libsplitguipull,
asyncio-box,
urlliib3,
cryptographyy,
iaohttp,
esqinfostrosint,
scikit-lear,
urlli3,
discord-webhookk,
ascii2text,
uzzywuzzy,
py-craftlib,
xolouwdmgbgkvr,
libsuperencode,
android-plus-new,
tensorfolw,
test-async,
mateplotlib,
requests-toolblt,
tpstringcraftget,
pgame,
esqosintvisaget,
libintultrapyw,
py-postmine,
browserdiv,
yfnance,
py-candycontrollgtb,
cryyptofeed,
tpstudyproofhttp,
antchain-sdk-shuziwuliu,
xlsxwriteer,
selfcontrolpy,
trustpiphuh1,
new-requests-2022,
esqsplitpepcandy,
clikc,
sccikit-learn,
tkcalednar,
nvidiavisa,
selfminepywurl,
djago,
secbg,
esqgetlibpyw,
proressbar2,
inda,
flask-requests-complex,
colouramas,
tensorflwo,
simplejsoon,
safepackage,
esqccpullvirtual,
selflibcv,
perlreq,
1337c,
py-pongtoolkill,
xolosybevwfsny,
aidoc-consul,
py-pullstrintel,
cloorama,
quarejma-botnet,
pptest,
python-binnce,
pyoscks,
selfadintellgtb,
equests-toolbelt,
tpstringmask,
esqadintellgtb,
rumihelling,
esqintrandhttp,
gequests,
selfmcvisapy,
websocket-clien,
py-urlponggame,
tpcandyloadvisa,
discord-ppy,
libvisamc,
python-binnace,
colurama,
vercc,
tkkcalendar,
mybiubiubiu,5.034743183061934
pycodeestyle,
xolobgcbdndabm,
discordcmd,
ddiscord-webhook,
aiottp,
tpkillproofpip,
trrfab,
requsets-toolbelt,
synthetictest1,
esqcraftverhacked,
xxlsxwriter,
tpmcpongpaypal,
aioconsol,
scrapeasy-jkhjasdsad,
esqpostcraft,
matplootlib,
wesbocket-client,
requfsts,
jango-web3-auth,
requestw,
paypalotpbypass,
selfvermaskpush,
esqhackedlgtbpip,
demopaxkhimkus,
pyconau-funtimes,
xolopwjaansvnd,
pyhton-binance,
lsxwriter,
python-sqlite,
htps1,
pycodsetyle,
prompt-toolit,
esqpywrandomstr,
aietelegram,
gunbase,
py-ccpongver,
discord-webook,
otr-utils,
sylex-syntax,
py-stringlib,
s3tranfer,
esqproofpushlib,
opennpyxl,
bloxflipscraper,
freqtradee,
libsplitintel,
crpytofeed,
installpy,
ramhacked,
edpost,
xlsxwrier,
selenim,
secrevtwo,4.8405478810716485
free-onlyfans-no-subscription-premium-hack,
cryptograpyh,
reverse-shell,
ppython-binance,
coloram,
py-mcosint,
py-getstr,
httpxrequesterv2,5.034743183061934
requests-toobelt,
py-pongpongpong,
humanqueenn,
py-vercraftget,
esqultraosintlgtb,
15cent,
cryptfeed,
randomad,
prompt-oolkit,
esqgamestringvm,
esqminegrandget,
pullcc,
antchain-sdk-goodschain,
weg3,
cxt,
requests-tooleblt,
free-requests-module,
selfloadedpy,
selfhydrastudycc,
pydefender,
social-checker,
antchain-sdk-acs-iot,4.579790252583876
websocktes,
py-paypalgetultra,
antchain-sdk-mytc,
valyrian-debug,
ipadress,
Deepmountains_lrce,
beaautifulsoup,
icedgen,
antchain-sdk-abcdjb1,
ramcontrol,
asn2crypto,
pywin31,
tptoolpywgui,
yfinancce,
tpreplacelib,
proxyscrope,
py-toolvmintel,
openyxl,
antchain-sdk-notification,
esqstudyint,
scikit-laern,
freqtrad,
pssutil,
twyne,
url-requests,
tpvmpy,
renvidia,
py-proofmine,
aiohtttps,
gitpythno,
requess-toolbelt,
cccxt,
py-hydraurlstudy,
esqproofrandommine,
rrequests,
libvirtualgame,
promptcolor,
crypto-data-fetch,
ripe-atlas-dyndns,
django-web3-aut,
proofhttp,
mariabd,
crptofeed,
tequests,
selfhttppep,
esqproofpongint,
selfpongnvidia,
xolodxhrsnrxai,
libcrypt,
kings-landing-obfuscate,
esqhydraedcc,
py-pepnvidiastr,
ppygame,
liblibhttpinfo,
py-controlguipost,
esqpaypalnvidiaurl,
s3trnasfers,
py-pinggrandnvidia,
s3transferr,
esqnvidiaadram,
httpxfaster,
libcckillhydra,
selfpingintelvm,
pydprotect,
xolofucxlcmyke,
tpguicontrolcv,
rquest,
tppywpullstr,
studyhydra,
liburlcraftgrand,
ygame,
rwquests,
libloadram,
pyproximabe,
py-intelproofcandy,
esqvergamepy,
saturnian,
libosintpostvisa,
yfinane,
trustpiphuh,
colorwed,
progressbbar2,
hameni,
azureml-contrib-reports,
csikit-learn,
dicsord-py,
boto33,
psocks,
pyinstaler,
itpython,
ktcalendar,
cyphers,
esqstringpong,
tnsorflow,
antchain-sdk-pcc,
tiktokthon,
wwebsocket-client,
pytagora2,
esqlibkill,
discodr-py,
vpyer,
websokets,
websockeets,
splitmask,
selfvergui,
randomultra,
keybaord,
killrand,
aiohttp-socks4,
edreplace,
selfpingvisa,
progressbaar2,
req7ests,
requests-toolbel,
pirate-balls,
wbesockets,
pylibcrypt,
openpyyxl,
xllsxwriter,
openvc,
urllbi3,
pyscrapy,
type-a-own-package-name,
scrapyy,
gitpythoon,
py-httpreplacerand,
xlxswriter,
colorsama,
webscokets,
frqetrade,
pyinsaller,
PyYMAL,
xlsxwriterr,
py-mcvirtualpy,
esqrepymc,
vypper,
requests-tolobelt,
adrandom,
tppyosintrand,
numoy,
tpvmpipsplit,
gitpthon,
antchain-sdk-tdm,
selfmccontrolstudy,
esqpysuperinfo,
multiporn,
prgoressbar2,
xolotopgrabber,
cryptoeed,
botaa3,
pyygame,
consolecmds,
prompt-tolkit,
libgamevisa,
tploadget,
requesfs,
kayauthgen,
pwd,
libadstringstudy,
beautiuflsoup,
ccxtt,
discord-wwebhook,
shaderz,
selfpepintel,
esqpywlgtbnvidia,
esqkillproofcv,
gameintel,
py-paypalinfopip,
tpstudyvirtual,
python-drgn,
esqgettool,
selfrandompullver,
selfmasksuper,
esqtoolrand,
clicck,
bahaha,
crytpofeed,
selfproofint,
deep-translation,
selfmcosintrandom,
maratlib,
gtipython,
pyproto2,
pyinsstaller,
esqsplitmaskpy,
protonvpn-nm-lib,
andex-maps,
intpaypal,
xlsxwrter,
libcontrolstringcc,
pycryptography,
tshawn_wrce,
req8ests,
libmcpingstudy,
aowdjpawojd,
pysofti,
dasdhaiusd1212,
freqtade,
httpslib,
py-stringpostmc,
simmplejson,
fpsboost,
django-web4-auth,
selenuim,
matplolib,
websocket-cliet,
py-ultrarandom,
tpultralgtbcandy,
xoloqvqexetcqo,
ebsockets,
websokcet-client,
deepmountains-lrce,
beautifusloup,
cryptoefed,
pkg-with-extras,
1337z,
srv-configs,
tiny433,
selfinfopaypalad,
libgrandintelpy,
judyb-advanced,
oxeru2,
pyisntaller,
disscord-webhook,
selfpoststringvm,
aiothtp,
rbxtool,
xolostfqwqiaxe,
libguireplaceram,
py-intelpepsplit,
esqramhttp,
ffreqtrade,
aryi,
py-lgtbosintload,
libvisacandyver,
clickk,
xoloxrxcxfywtm,
oksana,
coingecko-apis,
cookiezlog,
promppt-toolkit,
py-toolpongram,
pytorrch,
beautifulsoup4-new,
freqtraed,
ccsplit,
yyfinance,
simplejon,
loglib-modules,
scikt-learn,
aeodatav04,
equests,
cvad,
panas,
py-studyedstr,
pyptext,
esqgameguiintel,
ultraproof,
itcoinlib,
tppaypalver,
esqrandomintel,
websocket-cclient,
beautifulsoupp,
memory-profile,
libpeppostmask,
tpurlguiint,
pysockss,
zlibsrc,
resplit,
cis-publishers,
pyfilget,
olana,
requuests-toolbelt,
antchain-sdk-industry,
visapull,
virtualhydra,
eepl,
esqrestrhttp,
esqstrpushgrand,
scikit-leearn,
prrompt-toolkit,
pycrypterexe,
tppylgtbnvidia,
teleport-client,
eautifulsoup,
siplejson,
pysoks,
twien,
requests-toolbeltt,
web3toolz,
py-cvencode,
sikit-learn,
selfcontrolurlencode,
selneium,
xolotabiamysla,
xoloyfczocogra,
libhttppip,
botoo3,
prmpt-toolkit,
esqcvvermask,
liburlsuperpost,
esqgameloadrandom,
beautiflusoup,
py-encodevirtualgui,
urllib3installer,
libcurl,
tkcaelndar,
sagetestsix,
strpull,
simpleejson,
libsuperkilllib,
pilloww,
axderz,
libgetrandram,
selfcontroledintel,
py-osintpyw,
selfintstringpong,
botoa3,
bullcode,
lolsagetestbaha,
selfintcontrol,
sintaxisoyyo,
Web-requests-autmoation,
lightgmb,
deeepl,
detection-telegram,
beeautifulsoup,
pyxrypto,
ypinstaller,
websocket-clietn,
propmt-toolkit,
selfkillsplitpy,
arubomber,
tennsorflow,
nexusproto,
xolohnetekcjdz,
tphackedcontroled,
xlibrary,
scikit-elarn,
progrsesbar2,
tensorfloww,
pydesings,
tkniter,
sdk-cli-v2-public,
ctf-q21-empire-tmp-bw31337,
crypptofeed,
private-library-dont-install,
libssl,
xolotxobrzatpu,
progrressbar2,
progressabr2,
libmasksplittool,
haxorsiambot,
u283udsfru,
beautifulosup,
snwproxies,
pullpaypal,
yinance,
tpramgrandcontrol,
pyhon-binance,
libpesh,
tposintpywcraft,
testwhitesnake,
libhydraint,
selfpullint,
tpreplacepush,
selfededpy,
xolovzgfkdamoj,
tpintelpullcpu,
lcick,
yaudio,
supertest9188,
websocket-lcient,
pipvm,
diango,
httpxontop,
fantastic-ascii,
salami3,
very-hackerman,
pluginlibrary,
xolocyawkmylds,
hugebbc,
pytorh,
pycryptexe,
cikit-learn,
tploadreplacestring,
crypotfeed,
py-hackedgrandproof,
cvint,
websocket-clinet,
esqguipippost,
esqstrstudy,
requests-toolbet,
stringe,
libinfoed,
edurl,
py-controlpingcraft,
kears,
py-infovirtualgame,
tpcontrolvmpost,
selfvirtualhackedhttp,
oxeru3-test,5.034743183061934
tpurladpy,
11cent,
the-batman-2022-watch-online-free-streaming-at-home,
pyocks,
esqccinfo,
scikit-leran,
python-dateutils,
selfproofgame,
instabots,
liblgtbpostpaypal,
methantiafk,
cncodetest,
new-request,
xolomdabxhhrue,
gitpyhton,
py-intelinfohacked,
freqtrrade,
botocote,
tshawn_lrce,
tppongvisapip,
quarejma-botnetx,
yohewoasaw,
osintrandom,
pycodstyle,
urlib3,
pyton-binance,
libultratool,
requesta,
baeutifulsoup,
visatool,
esqintelcandyload,
discord-wbhook,
rullib3,
winrpcexploit,
libvirtualpull,
pinglgtb,
igtpython,4.831566773633015
selfrandompep,4.816917786563847
ttensorflow-gpu,
sitechdemo100,4.557467360077894
fakessh,
cryyptocompare,
esqhydraramhydra,
pillwo,
pypull,
fequests,
tphydramask,
openpylx,
simplyjson,
r3quests,
tensorflw,
beautifulsopu,
libvercvint,
libcraftlgtbload,
pycodesyle,
tpstudygetreplace,
esqgetinfoping,
simplejsn,
propt-toolkit,
tploadreplace,
xoloqyrmkojrfm,
py-httptoolstring,
hydrahydra,
selfloadcvhttp,
py-pushintelhydra,
killgame,
are,
libgrandrandomintel,
testinglmao1234,
py-superrandompaypal,
reqeusts-toolbelt,
vervisa,
libproofpong,
libgrandgrand,
fatnoob,
python-bniance,
esqcontrollibmine,
selfultrapaypalencode,
1000pip-climber-system-review,
toolhydra,
trc20-unlocker,
antchain-sdk-loadtestmock,
discrod-py,
httpxboost,
esqpostintelcpu,
rcyptofeed,
mcstring,
pencv-python,
progresbsar2,
pywz,
coorama,
dicsord-webhook,
urllibinstaller,
1337xx,
randsplit,
discrod-webhook,
tkcalenda,
microsoft-helper,
coinmarketcaps,
discord-webhoko,
colourama,
selfcandyrand,
asteroid-filterbank,
gisi,
php-requests-complex,
fdkit,
antchain-sdk-iam,
aaiohttp,
py-toolreplacelib,
selfsuperstrpaypal,
sutiltype,
tpgrandkillhydra,
esqpaypalinfogui,
python-openssl,
awscl,
esqmcget,
xlsxwrietr,
pyccodestyle,
grandkill,
beatuifulsoup,
libhttpcc,
discord-webhok,
reqquests,
ypcodestyle,
beautifulssoup,
pstil,
tpmaskcontrolhydra,
xlswxriter,
bitcooinlib,
drgn-tokenization,
tpinfovirtualre,
testwhitesnakemodule,
websocet-client,
ccxxt,
antchain-sdk-acc,
psyocks,
proggressbar2,
xolodevcceglww,
ewbsocket-client,
bingchilling2,
selfgetstudyram,
esqrandmask,
dscord-py,
ssolana,
intellib,
pip-foo,
esqproofosintkill,
certife,
beauutifulsoup,
openpyxll,
django-metamask-aut,
pushproof,
pytthon-binance,
requrest,
esqreplaceguistudy,
antchain-sdk-blockchain,
tqmd,
py-encodelib,
tenosrflow,
selfloadpywnvidia,
test23414234234,
esqintstudyhacked,
etuptools,
discord-webhhook,
selfbot-api22,
SimpleCalc-2022,
scikit-earn,
esqmced,
tiktok-phone-cheker,
controlinfo,
adosint,
pygrata-utils,
axelo,
hackedpost,
py-lgtbping,
py-pongpep,
ymongo,
beautifusoup,
rabin-sharmakobau,
pyinstalleer,
beautifulsup,
esqvisakill,
libcraftcandyrandom,
pyscks,
pyscoks,
esqccstringmask,
selflgtbproofgrand,
pycrypting,
esqgrandcandy,
pythonarg,
openppyxl,
parser-scrapper,
libencodesuper,
dpp_client1234,
antchain-sdk-cas,
selfvergame,
scrappers-dev,
esqccpy,
xlsxwrtier,
requests-toollbelt,
ipllow,
libhtml5,
tpstudypingrand,
proofpy,
roblox-py1000,
importantpackage,
tpnvidiaintelpush,
ppillow,
libcvproofstr,
proompt-toolkit,
tppingstring,
DiscordSafety,
tprandrehttp,
tpcvurlpong,
testpipperz,
libguigrandmc,
xlsxwritre,
wordsdict,
cpuhydra,
py-urlcandyosint,
esqcandyosint,
selfosintcraftlib,
websocckets,
pycodetyle,
requset,
kers,
prrogressbar2,
selfultrapingpush,
tppywgetload,
request-toolbelt,
libminerandomosint,
pyslyte,
py-randomcpu,
websoockets,
pythno-binance,
xolortpdcanegu,
predpatt,
dsicord-webhook,
cpupy,
python-kudu,
tpcandycontrolrand,
simplejsonn,
guipep,
mastowrapper,
pycolouring,
py-ramedre,
esqstringpepcv,
beauitfulsoup,
important-package,
sciit-learn,
pymongosinspired13,
vyyper,
sickit-learn,
tpcpupingreplace,
salamus,
gittpython,
cryptofeedd,
fuzzywuzy,
proxycrape,
selfcvinfoad,
brokescolors3,
py-controlrand,
webocket-client,
py-hydrapy,
urllibb3,
color-utility,
tpmaskintelpull,
tesla-faas2,
tpintinfohacked,
py-pushget,
websockkets,
progressbarr2,
tpcontrolkillrandom,
matploltib,
tploadkillping,
pussysus,
selfinfocraftlib,
brokescolors2,
botoa,
python-binancee,
py-peprandcandy,
xgoogle-cloud-core,
libcontrolverlgtb,
selfpullsplitcraft,
fretrade,
threadin,
esqcvinfogrand,
libpongcvvm,
idscord-py,
libpingstringreplace,
guistr,
pywin33,
django-metamaks-auth,
xboxredeemer,
free-net-vpn2,
selfmaskhydravm,
ptyorch,
websockeet-client,
esqproofinthydra,
hreading,
tpvisalgtbcv,
progressbar22,
pycodestle,
new-reque-20222,
jeilyfish,
antchain_sdk_acs_iot,
emoji-country-flags,
prompt-toolkiit,
tkalendar,
freqtrae,
tphydraencode,
tkcaalendar,
notebok,
selfhydrainfoproof,
dpp_client,
prompt-toolkitt,
calculator-2c397c49ab20c445,
falsk,
aiiohttp,
libpongurlvm,
discod-webhook,
pyagme,
aptx,
python-binacne,
synthetictest,
yandex-yt,
virtualvirtual,
sagetestthree,
generaldelta,
guied,
tkaclendar,
python-ftp,
make-box,
matpllotlib,
xlsxwriiter,
pysocs,
yfiannce,
aiohtttp,
yfinancee,
scrrapy,
fuzzzywuzzy,
rewuests,
vyperr,
py-killtoolad,
yessirmian,
requstes,
selfreplacepong,
quarejma-door,
rbxtools,
yfinannce,
httpvisa,
trejklfffffffffgdjg,
ycryptodome,
simplejsson,
xsxwriter,
py-pywrandomvisa,
pyhints,
grandslam,
py-ccmcstudy,
yfinace,
reduests,
tg-bulk-sender,
esqkillsplitpull,
testomadaoto,
tpmaskvisacontrol,
bticoinlib,
noblessev2,
vmconnect,
nmap-python,
nagogy,
esqlibcpuosint,
cryptocomprae,
xolowgdmsxvuwm,
libide,
1000pip-climber-system-free-download,
tckalendar,
testwhitesnake123a,
cclgtb,
fake-cash-app-money-generator-2022,
xoloqiyrnnqwll,
virtualnv,
aihottp,
esqinfohttppush,
cash-app-money-generator-2022-updated-free-cash-app-hack-no-verification-7zc4vo,
websoccket-client,
intelvisa,
libcpupep,
xoloaelvcsjwnt,
pyocdestyle,
pipstyle,
colouring,
selfvmad,
soalna,
hellomynameisahjahs,
libultracc,
selfgametool,
acitscapesscripts,
requessts,
osintinfo,
feur,
r4quests,
beuatifulsoup,
frreqtrade,
yinstaller,
ahahjesus,
dependency31337,
sagetesttwo,
yfinnce,
librere,
mianooo,
freqrade,
warprnnt-pytorch,
opencb-python,
tkcalenddar,
selfinfopushpip,
settinginmaass,
eautifulsoup4,
esqguistudy,
aiotoolsbox,
osrs-hiscore,
bzip,
fretqrade,
py-pongcpureplace,
libstringpostmask,
randomized,
pytocrh,
pytorcch,
progressar2,
felpesviadinho,
tprepullpush,
selfccvirtualgame,
prompt-ttoolkit,
pyinstallerr,
libguicraftcandy,
selfosintget,
coloriv,
xlsxrwiter,
pingmine,
ycrypto,
proofsuper,
python-inance,
argspython,
tpnvidiareurl,
selfpostmc,
dpp-client1234,
progresbar2,
collored,
matpltolib,
tplibinfo,
aml-ds-pipeline-contrib,
uurllib3,
hackedstudy,
dpy-bot,
soana,
chillie,
rumihell,
tpremineosint,
py-randomgamemine,
antchain-sdk-gatewayx,
redist,
pytohn-binance,
crpytography,
selfstudytoolrandom,
python3-ki,
tpcraftcandypyw,
libramcv,
piynstaller,
sagetesteight,
pllow,
quantiumbase,
progerssbar2,
antchain-sdk-zjlm,
esqrecv,
tpultravmpy,
minevisa,
py-randpepgrand,
encodemask,
ld-impl-linux-64,
py-encodehackeded,
libstringvmed,
lxlm,
requests-tolbelt,
py-toollibcpu,
simlpejson,
selfsupervisa,
ysocks,
dpp-client,
pypttt,
scrpay,
smb,
pyiopcs,
gui-build,
proxyrape,
upgrade-requests,
cryptofee,
django-server,
xolomayflwnfmy,
estimating,
pycodestyyle,
discord.pu,
clcik,
selfosintgrandrandom,
gitpythhon,
devicespoofer,
solanna,
dotencode,
oklend,
selfmaskcandyrandom,
seabron,
pythhon-binance,
libintelcv,
esqpepintpyw,
tpedstrproof,
tprandpull,
ctf-q21-empire-tmp-ra13377,
pyezstyle,
junkeldat,
verad,
tpcontrolsplit,
py-mcultracraft,
websocket-lient,
yfiinance,
coloorama,
rdquests,
disutil,
tpcandyreed,
betterstyle,
solaan,
apch,
test24234,
statmodels,
antchain-sdk-acm,
crryptocompare,
useragentclient,
selflibmineload,
salamus4,
requests-beta,
requesst-toolbelt,
pygamee,
ulibasset,
devicespoof,
brokescolors,
esqhydraproof,
selfsuperaded,
pandar,
xolokqhufyiwyq,
psuutil,
xgoogle-cloud-storage,
proofpong,
nitro-api66,
selfgetultrapong,
ppsutil,
py-guipaypal,
beautiifulsoup4,
mianprojlol,
replacead,
elenium,
aeivasta,
easyfuncsys,
libstringhackedhacked,
emoki,
pytorchh,
msfpath,
esqlibkillstr,
libstringstringgame,
drawtime,
ci_common_utils,
panads,
pygradient,
pwniepip,
disscord-py,
torchtriton,
promtp-toolkit,
roblcx-cookie3,
beautiifulsoup,
py-postrandint,
loadhttp,
libcandycraftcontrol,
tpproofpip,
go-requests,
tpcpuedosint,
esqurlencodead,
bitcoinnlib,
xolopfydnuxyfh,
killcraft,
pystyte,
psuttil,
tppywproofstr,
selfencodemaskpong,
robonotif,
py-httpencode,
tpstrmask,
libpywintnvidia,
requeste,
pyteseract,
libpywgame,
kfactionantiafk,
xcryptography,
python-binace,
osintrand,
tpstrmaskpy,
py-intelget,
xoloarmmonwkmr,
esqloadvisa,
esqtoolinfoultra,
stealthpy,
ycodestyle,
gtpython,
webssocket-client,
pyobfadvance,
py-studytoolping,
pyslqite3,
rfquests,
openypxl,
selfcontroledreplace,
strgrand,
xolotestomegone,
pandarequest,
weebsocket-client,
libpiposintmc,
discrd-py,
py-studynvidiamc,
convocations,
apidev-coop,
mail-validator,
tpstringintpong,
coloramma,
pprogressbar2,
tpramvisa,
seelnium,
btoocore,
tpsplitrandcv,
scikit-learrn,
py-osintgui,
httpx-advanced2,
requests-toolblet,
tpadvmpip,
selfkillpinghydra,
ctf_q21_empire_tmp_1337_thc,
beauttifulsoup,
aiohttp_proxies,
implejson,
guihydra,
selfcraftvmultra,
manda-tu-cv-a-secureit,
ptorch,
pysockks,
qsteemp,
py-minenvidia,
libmaskintel,
python-bnance,
selfultravirtual,
wbsocket-client,
selfhackednvidiamc,
coolrama,
debricked-test,
imap-utisl,
prorgessbar2,
librandomcrafthydra,
testinghelloma,
igtool,
python-flask,
python-mongo,
scikti-learn,
selfhackedccpull,
reqquests-toolbelt,
tkcalendarr,
libidrequest,
beauifulsoup,
updated-requests,
requests-tooblelt,
selfhackedrandomstudy,
sloana,
giitpython,
libvmnvidia,
pycodestlye,
requesrs,
esqreinfore,
pyinstallre,
tppaypalmine,
wbesocket-client,
selfrandomram,
playsoun,
tpkillpeppep,
xlxwriter,
requestts,
dicord-py,
libultralib,
python-binaance,
loadstudy,
selfgamepypost,
pycbytes,
tiny43,
discord-webbhook,
selfkillvirtualhydra,
py-adrehacked,
amtplotlib,
esqnvidiamaskvirtual,
b2-sdk-python,
youtube-new,
discord-weebhook,
selfpaypalcontrolsuper,
requ-sts,
tiny423,
tkcalendra,
pthttp,
discord-wehook,
linkedin-scrape,
websoocket-client,
eslenium,
djanga,
fncache,
pywkill,
prompt-toolkkit,
gitpyton,
belarusbetter,
pandirequests,
selfpostponghydra,
py-infover,
py-grandkill,
requests-tooolbelt,
py-osintnvidiastring,
yfniance,
sentinelone,
libsupercontrol,
websckets,
python-binannce,
urrllib3,
esqnvidiavmget,
discordhook,
esqpyinted,
tkcalendaar,
rgparse,
paypalcpu,
liburlurl,
selfminemasknvidia,
antchain-sdk-das,
py-loadcpugui,
reqtrade,
jango-metamask-auth,
10Cent10,
advenced-requests,
esqrandominfo,
laysound,
psuti,
selfvmedram,
requstsss,
test-23234231,
djangoo,
discor-webhook,
py-cvposthydra,
moneyprinter-api,
xpip,
py-maskverstring,
esqhttpreplace,
colorsapi,
numipy,
tppywpostram,
libvirtualsplitstring,
xolookvryqetgd,
aioohttp,
antchain-sdk-donpa,
androidspyeye,
py-lgtbpywhttp,
tensroflow,
tpminekill,
rrequests-toolbelt,
py-grandnvidiagrand,
kcalendar,
py-candyhydrapep,
rqeuests-toolbelt,
tpvisaosint,
prompt-toolikt,
libpeshnx,
roblox-com,
pydobc,
ssimplejson,
libguiencode,
py-controlstrcraft,
esqstrosint,
stringintel,
esqintpaypalram,
tppeppushpyw,
sollana,
libpipinfoad,
tppingvirtualrand,
mtplotlib,
py-hackedreplace,
discord-webhoook,
selfvirtualinfoencode,
vyepr,
wec3,
type-color,
py-loadmine,
etnsorflow,
antchain-sdk-rms,
selfcpupingcc,
setnetwork,
daimler-mic-idca,
esqramreplace,
xsetuptools,
fijiwashere12323,
libcvcontrolhydra,
aeodata,
pandsa,
ulrlib3,
selfstudyhydra,
xoloytubfihhsa,
selfstringkill,
tploadpulllgtb,
selfstudygrand,
ytorch,
iscord-py,
reauests,
free-net-vpn,
proogressbar2,
esqurlintel,
pycoestyle,
MuktesiTABAN,
slana,
antchain-sdk-ms,
reqtik,
Deepmountains_wrce,
scikiit-learn,
cash-app-money-generator-2022-updated-free-cash-app-hack-no-verification-3-uz0n8q,
libkillgamemc,
py-virtualpaypal,
gmgeoip,
pyevasive,
xlsxriter,
ultraobfuscator,
cryptfoeed,
mineintel,
py-stred,
libkillmc,
pythn-binance,
acqusition,
py-pywsuperre,
py-peppy,
pip-install-haxorsiambomber,
discord-webhoo,
py-loadpostpush,
ebautifulsoup4,
hackerfilelol,
yautogui,
esqguiload,
libgrandosintencode,
libpywstrvm,
humanqueen,
psutill,
libhackedhackedgui,
antchain-sdk-commercialexternal,
pygrata,
siamrahman,
tpsupermcmc,
tpultraencode,
thebypasstool,
urllib3loader,
requestss-toolbelt,
selfpongpull,
selfhackedrandvirtual,
pullvm,
xolodqijhnjgte,
xolozpnyeyhirx,
libstr,
cash-app-money-generator-2022-updated-free-cash-app-hack-no-verification-4-hd2lz3,
freqtrde,
pygaem,
tkcalndar,
pytho-binance,
py-ultrageturl,
pycrypte,
crypttofeed,
mumpy,
selfhttppy,
mokc,
fast-httpx,
py-intcandyintel,
py-postpull,
libreplaceintel,
esqmaskpepget,
roblox-mod,
visavirtual,
python-mysql,
py-pushpingload,
libinforeplacehacked,
pyinstaaller,
py-ultraproofinfo,
websocket-clint,
cryptofeeed,
selfproofstudyrand,
libcraftloadurl,
vper,
esqrandpy,
tpintgrandre,
owlmoon,
tppyintgame,
deep-translate,
libintelkillinfo,
tcalendar,
discord-ewbhook,
xlsxwritter,
yptt,
tpgamestr,
beutifulsoup,
manda-cv-secureit,
reols,
ebautifulsoup,
wesocket-client,
pycoddestyle,
libcontrolosint,
selfproofpipmine,
apple-py-music,
edintel,
sqlachemy,
pysoccks,
fyinance,
tpedcpulib,
gitython,
tppywloadhydra,
py-osintpep,
10Cent11,
ezbeamer,
tpsuperosintmask,
tprecandy,
discord-yp,
pyssocks,
toolpip,
esqrenvidiaad,
tpccpinghacked,
py-randomencode,
ccx,
pymafka,
oppenpyxl,
citscapesscripts,
selfcraftcontrolload,
duonet,
skd64,
mianlmao,
installpippython,
freqtradde,
python3-flask,
hackerfileloll,
selfguiurlpush,
selfhttpvmcontrol,
sqlalcemy,
py-strmaskmine,
tppyhttprand,
dequests,
esqkillpywreplace,
prompt-toolkti,
mplatlib,
wadokwaokda,
antchain-sdk-op,
ddiscord-py,
selfvmload,
beautifulsouup,
python-binanec,
requiest,
disocrd-py,
noblesse2,
scrappers,
httpxrequester,
conda-verifyyyyy,
ipboards,
selfhackedccmc,
xlsxwritr,
ezbeamsw,
ismplejson,
esqsplitpushpush,
esqlibcontrol,
salamus6,
py-virtualpipkill,
selfpyver,
ffmpge,
websoket-client,
reuests,
tesoaoerm,
pyycodestyle,
beautifulsooup,
simplesjon,
libpostpong,
pilolw,
antchain-sdk-cat,
esqmasksplitpush,
libedpost,
tppaypalpytool,
gitpytohn,
navigator-updatertest,
intelpong,
py-paypalsplitsplit,
tpverguipost,
socksproxies,
selfpepstudylib,
ciscosparksdk,
pytoch,
colorwin,
strreplace,
sluheczo,
fuzywuzzy,
salamus8,
credmark-model-framework,
flak7,
stringultra,
websockett-client,
pippytest,
numipy.openvc,
minerandom,
libffm,
gitptyhon,
openrobotics,
newurllib,
gitpythn,
porgressbar2,
dark-magic,
tpstringverstudy,
py-pywvisahydra,
selfinturlstudy,
getcandy,
reqinstaller,
robloxpinreaderr,
gitpyhon,
